"Chromosome","chromStart","chromEnd","Chromosome.1","chromStart.1","chromEnd.1"
"chr10",17031753,17196578,"chr13",8383617,8430614
"chr10",14372049,14397444,"chr10",16515031,16561290
"chr10",49169974,49315301,"chr20",36292648,36295759
"chr5",36003040,36254618,"chr8",9999477,10006092
"chr12",36186160,36286837,"chr13",39578635,39765430
"chr16",6290888,6555222,"chr6",44289430,44307962
"chr5",36003040,36158775,"chr8",9843811,9995825
"chr4",18261314,18429114,"chr7",29343383,29546745
"chr4",21419343,21557005,"chr4",23822683,24080843
"chr7",35824082,35935051,"chr8",45534131,45553027
"chr14",36604591,36975926,"chr20",45070183,45110399
"chr19",45178352,45227754,"chr3",40534442,40559450
"chr20",17017675,17210745,"chr20",18322094,18291542
"chr2",26186914,26408148,"chr9",20256948,20311434
"chr13",8768225,8841195,"chr13",14726308,14869574
"chr14",30146916,30206455,"chr14",30942961,30997596
"chr18",43119808,43235693,"chr7",15417837,15514994
"chr1",4948530,5081490,"chr2",10007744,10055239
"chr1",37845816,37890858,"chr17",18483872,18567806
"chr13",37569049,37696574,"chr3",6548615,6595868
"chr17",25967270,25968583,"chr17",31351511,31844341
"chr18",56000673,56078839,"chr8",22692291,22824713
"chr1",45289004,45327409,"chr16",9729562,9819004
"chr12",24133628,24284388,"chr8",32285701,32400025
"chr14",19332484,19661067,"chr14",36296118,36311533
"chr11",30062366,30116472,"chr13",26800563,26821425
"chr1",29432523,29451078,"chr6",25299032,25331273
"chr10",3256240,3341343,"chr13",23682626,23753745
"chr11",29876930,29960279,"chr13",26739768,26809936
"chr14",7941013,8049519,"chr17",38739228,39042569
"chr18",41566464,41645642,"chr18",42610223,42784650
"chr12",20688106,20711519,"chr8",2325378,2336188
"chr16",20852411,21107499,"chr7",35091208,35287871
